Spreadsheet With ùüëùüéùüé+ ùêÑùêßùê≠ùê´ùê≤ ùêãùêûùêØùêûùê• ùêéùê©ùê©ùê®ùê´ùê≠ùêÆùêßùê¢ùê≠ùê¢ùêûùê¨,,,,
"‚≠ê If you want to streamline your job search process & save yourself some time, try my free job matching platform (Fetti): here",,,,
"üí° How Fetti Works: Select your job preferences in ~2 minutes and instantly get a personalized list of job openings that are the best fit for your skillset and values. (Yes, it really is that easy)",,,,
"üì£ Fetti in the News: Morning Brew, SHRM, HR.Com, BBC, CFO.com and more!",,,,
Job Title,Company,Location,Role,Application Link
Solutions Analyst,Northside Hospital,Atlanta,Data Analyst,https://jobs.northside.com/job/20735066/solutions-analyst-atlanta-ga/
Application Data Analyst,Memorial Care,Los Angeles,Data Analyst,https://memorialcare.taleo.net/careersection/ex/jobdetail.ftl?job=LON012752
Business Analyst II,TECO Westinghouse,Austin,Data Analyst,https://tecowestinghouse.applytojob.com/apply/swmde0KKxz/Business-Analyst-II
Lab Manager/Data Analyst,Massachusetts General Hospital(MGH),Boston,Data Analyst,https://partners.taleo.net/careersection/ex/jobdetail.ftl?job=3291231
Site Analytics Analyst - Center Core & Beauty,Macy‚Äôs,New York City,Data Analyst,https://ebwh.fa.us2.oraclecloud.com/hcmUI/CandidateExperience/en/sites/CX_1001/job/62593
Institutional Equity Research Sales Analyst / Associate,"Jefferies & Company, Inc.",New York City,Data Analyst,https://hdid.fa.us2.oraclecloud.com/hcmUI/CandidateExperience/en/sites/CX_1/job/1734
CYP Financial Program Analyst,"US Commander, Navy Installations",Washington D. C.,Data Analyst,https://www.usajobs.gov/job/800149000
Client Operations Analyst,Lytx,San Diego,Data Analyst,https://lytx.wd1.myworkdayjobs.com/en-US/Lytx/job/Office---San-Diego-CA/Client-Operations-Analyst_R-3404
Business Analyst,Ryan Specialty,Chicago,Data Analyst,https://ryansg.wd5.myworkdayjobs.com/en-US/Ryan_Specialty_Career_Site/job/Chicago---Illinois---Wacker/Business-Analyst_JR24-0396-1
Solutions Analyst,Northside Hospital Inc.,Atlanta,Data Analyst,https://careers-mynorthsidecareer.icims.com/jobs/69570/job
"Research Science Analyst, Finalta",McKinsey & Company,Chicago,Data Analyst,https://www.mckinsey.com/careers/search-jobs/jobs/researchscienceanalystfinalta-89859
Diesel Technician,Cummins,"Chicago, IL",Data Analyst,https://cummins.jobs/-/-/06A26766D80B47DA901E2CE44AF01FB4/job/?src=JB-14180
DoD SkillBridge Fellowship - Business Intel Analyst,Navy Federal Credit Union,"Vienna, VA",Data Analyst,https://fa-etbx-saasfaprod1.fa.ocs.oraclecloud.com/hcmUI/CandidateExperience/en/sites/CX_1001/job/19739?bid=11773&tid=x_fcc2c3aa-e749-4a4b-9486-e54b90c267b8
"Practice Performance Consultant - Irvine, CA",UnitedHealth Group,"Irvine, CA",Data Analyst,https://careers.unitedhealthgroup.com/job/20524023/?src=UNS-19084&ss=paid
Software Developer 2,Almac Group,Philadelphia,Software Engineering,https://www.almacgroup.com/careers/apply/
"Software Engineer Level D (Herndon, VA)",L3Harris Technologies,Washington D. C.,Software Engineering,https://careers.l3harris.com/job/-/-/4832/67628177504
WiFi P2P Software Engineer,Apple,San Francisco Bay Area,Software Engineering,https://jobs.apple.com/en-us/details/200556070/wifi-p2p-software-engineer
Software Security Engineer,Apple,San Diego,Software Engineering,https://jobs.apple.com/en-us/details/200559155/software-security-engineer
Associate Developer Advocate,WP Engine,Austin,Software Engineering,https://wpengine.wd1.myworkdayjobs.com/en-US/WP_Engine/job/Austin/Associate-Developer-Advocate_JR102241
Reverse Engineer and Security Researcher,Booz Allen,Washington D. C.,Software Engineering,https://careers.boozallen.com/careers/JobDetail?jobId=99788
"Penetration Tester, Retail Engineering",Apple,San Francisco Bay Area,Software Engineering,https://jobs.apple.com/en-us/details/200558385/penetration-tester-retail-engineering
"Staff Software Engineer - Identity, Trust",Afterpay,Remote,Software Engineering,https://jobs.smartrecruiters.com/Square/743999999985141-staff-software-engineer-identity-trust
"Principal Software Engineer, ADAS Compute Platform",General Motors,San Francisco Bay Area,Software Engineering,https://generalmotors.wd5.myworkdayjobs.com/en-US/Careers_GM/job/Mountain-View-California-United-States-of-America/Principal-Software-Engineer--ADAS-Compute-Platform_JR-202416752
IT Specialist (Applications Software),US National Oceanic and Atmospheric Administration,Washington D. C.,Software Engineering,https://www.usajobs.gov/job/800592600
Infrastructure Engineer (Voice Engineer),Grainger,Chicago,Software Engineering,https://jobs.grainger.com/job/LAKE-FOREST-Infrastructure-Engineer-%28Voice-Engineer%29-IL-60045-5202/1168894100/
Site Reliability Engineer,Ideagen,Remote,Software Engineering,https://careers-ideagenus.icims.com/jobs/1790/job
Python Software Development Engineer - Apps Services,Apple,San Diego,Software Engineering,https://jobs.apple.com/en-us/details/200554884/python-software-development-engineer-apps-services
Principal Software Engineer,BAE Systems,Boston,Software Engineering,https://jobs.baesystems.com/global/en/job/BAE1US102746BREXTERNAL/Principal-Software-Engineer
IT Specialist (SystemAnalysis/AppSoftWare),US National Oceanic and Atmospheric Administration,Washington D. C.,Software Engineering,https://www.usajobs.gov/job/799910600
Entry Level Mobile Network Test Engineer (Entry Level),BTI Solutions,San Diego,Software Engineering,https://btisolutions.wd12.myworkdayjobs.com/en-US/External/job/San-Diego-CA/Entry-Level-Mobile-Network-Test-Engineer--Entry-Level-_JR100105
HCM Technical Analyst,Deloitte,Atlanta,Software Engineering,https://apply.deloitte.com/careers/InviteToApply?jobId=189788
Software Developer,Draper,Boston,Software Engineering,https://draper.wd5.myworkdayjobs.com/en-US/Draper_Careers/job/MA---Cambridge/Software-Developer_JR000257
Software Engineer (AHT),Northrop Grumman,London,Software Engineering,https://www.northropgrumman.com/jobs/Engineering/Software/United-States-of-America/Ohio/Wright-Patterson-AFB/R10164135/software-engineer-aht
"Software Engineer L5, LLM Compute & Serving Systems",Netflix,Remote,Software Engineering,https://jobs.netflix.com/jobs/340275343
Software Engineering Manager - Apps and Frameworks Security,Apple,San Francisco Bay Area,Software Engineering,https://jobs.apple.com/en-us/details/200553877/software-engineering-manager-apps-and-frameworks-security
Investment Data Engineer,State of Washington State Investment Board,Seattle,Software Engineering,https://www.governmentjobs.com/careers/washington/jobs/4585751/investment-data-engineer
Junior Applications Developer,Paul Hastings,New York City,Software Engineering,https://www.paulhastings.com/
"Software Development Engineer in Test Graduate (TikTok Global E-Commerce, USDS) - 2024 Start (BS, MS)",TikTok,New York City,Software Engineering,https://careers.tiktok.com/position/7387553162411002162/detail
"AIML - ML Engineer, Machine Learning Platform & Infrastructure",Apple,Boston,Software Engineering,https://jobs.apple.com/en-us/details/200542828/aiml-ml-engineer-machine-learning-platform-infrastructure
"SAP S/4 HANA ABAP Developer (API, ODATA, RAP)",Accenture Federal Services,Washington D. C.,Software Engineering,https://boards.greenhouse.io/accenturefederalservices/jobs/4386139006?gh_jid=4386139006
"Software Development Engineer , Project Kuiper / Customer Devices Services",Amazon Kuiper Manufacturing Enterprises LLC,Seattle,Software Engineering,https://www.amazon.jobs/en/jobs/2700951/software-development-engineer-project-kuiper-customer-devices-services
Software Engineer II,Deep 6 AI,Los Angeles,Software Engineering,https://jobs.lever.co/deep6/0991c006-c9b0-496d-a7ef-f954b3b76f6a
Technical Account Manager,Human Security,New York City,Software Engineering,https://jobs.lever.co/humansecurity/52d7f523-9af2-4888-96aa-4e6673f0e4a4
CoreLocation Frameworks Engineer,Apple,San Francisco Bay Area,Software Engineering,https://jobs.apple.com/en-us/details/200534539/corelocation-frameworks-engineer
[HackerRank] Site Reliability Engineer Graduate (Technical Infrastructure) - 2025 Start (BS/MS),ByteDance,San Francisco Bay Area,Software Engineering,https://jobs.bytedance.com/en/position/detail/7392685389754550578
DevOps Infrastructure Engineer - Expertise in Puppet and Gitlab,Lincoln Financial,Philadelphia,Software Engineering,https://jobs.lincolnfinancial.com/job/Radnor-DevOps-Infrastructure-Engineer-Expertise-in-Puppet-and-Gitlab-PA/1155060500/
Software Development Engineer - Test,Apple,San Francisco Bay Area,Software Engineering,https://jobs.apple.com/en-us/details/200559144/software-development-engineer-test
"Security Engineer I, Third Party Security",Amazon.com Services LLC,Seattle,Software Engineering,https://www.amazon.jobs/en/jobs/2698352/security-engineer-i-third-party-security
"Field Site Administrator - Lowell, MA Area - DOJ EOIR End User Support","ITC Federal, Inc.",Boston,Software Engineering,https://careers-itcfederal.icims.com/jobs/1170/job
Power Electronics Software Development Engineer,Power Portfolio Power Conversion,Toronto,Software Engineering,https://jobs.gecareers.com/vernova/global/en/job/GE11GLOBALR3768550EXTERNALENGLOBAL/Power-Electronics-Software-Development-Engineer
Salesforce Software Engineer - Mid-Level,Softrams,Remote,Software Engineering,https://jobs.lever.co/softrams/b7db7ec1-6114-47e7-8779-dffec8d61f4c
Project Engineer I (Recent Grad/Full Time),Honeywell,Philadelphia,Software Engineering,https://careers.honeywell.com/us/en/job/HONEUSHRD905405EXTERNALENUS/Project-Engineer-I-Recent-Grad-Full-Time
"Technical Service Manager Associate, Enterprise Cloud Services, Newtown Square",SAP,Philadelphia,Software Engineering,https://jobs.sap.com/job/Newtown-Square-Technical-Service-Manager-Associate%2C-Enterprise-Cloud-Services%2C-Newtown-Square-PA-19073/1093874301/
Back-end Developer Node.js,Yape,Remote,Software Engineering,https://www.getonbrd.com/jobs/programming/back-end-developer-node-js-yape-remote
Automated Test Engineer,"Interclypse, Inc.",Washington D. C.,Software Engineering,https://recruiting.paylocity.com/recruiting/jobs/Details/2590268/Interclypse-Inc/Automated-Test-Engineer
"ServiceNow Developer, Analyst - Enterprise Technology",Blackstone Group,Miami,Software Engineering,https://blackstone.wd1.myworkdayjobs.com/en-US/Blackstone_Careers/job/Miami/ServiceNow-Developer--Analyst---Enterprise-Technology_33056-3
Software Engineer - Media Services,Apple,San Francisco Bay Area,Software Engineering,https://jobs.apple.com/en-us/details/200559302/software-engineer-media-services
Site Reliability Engineer,Neuralink,Austin,Software Engineering,https://boards.greenhouse.io/neuralink/jobs/6061759003?gh_jid=6061759003
"Corporate Security Engineer, 1+ Year of Experience",Snapchat,Los Angeles,Software Engineering,https://wd1.myworkdaysite.com/en-US/recruiting/snapchat/snap/job/Los-Angeles-California/Corporate-Security-Engineer--1--Year-of-Experience_R0036086
"Workday Software Developers (Las Vegas, NV)",Zappos.com,Remote,Software Engineering,https://zappos.wd1.myworkdayjobs.com/en-US/Zappos/job/Remote-USA/Workday-Software-Developers--Las-Vegas--NV-_JR620
"RPA Developer, Associate",Blackspoke,Washington D. C.,Software Engineering,https://blackspoke.com/position/?gh_jid=6830942002
"Database Engineer - NoSQL and Cloud, Apple Pay",Apple,San Francisco Bay Area,Software Engineering,https://jobs.apple.com/en-us/details/200552228/database-engineer-nosql-and-cloud-apple-pay
"Associate (EP), Distribution Engineering System Design",Con Edison Company of New York,New York City,Software Engineering,https://ejcu-dev5.fa.us6.oraclecloud.com/hcmUI/CandidateExperience/en/sites/CX_1033/requisitions/preview/707/apply/email
"Software Development Engineer in Test, Apple Vision Pro",Apple,San Francisco Bay Area,Software Engineering,https://jobs.apple.com/en-us/details/200559281/software-development-engineer-in-test-apple-vision-pro
"Software Engineer II, Retail Media (Remote)",Home Depot / THD,Remote,Software Engineering,https://careers.homedepot.com/job/20732906/software-engineer-ii-retail-media-remote-remote/
Android Software Engineer - Apple TV App,Apple,San Diego,Software Engineering,https://jobs.apple.com/en-us/details/200559181/android-software-engineer-apple-tv-app
Electronics Engineer,Federal Bureau of Investigation,Washington D. C.,Software Engineering,https://apply.fbijobs.gov/psc/ps/EMPLOYEE/HRMS/s/WEBLIB_PTBR.ISCRIPT1.FieldFormula.IScript_StartPage
Entry Level / Junior Software Systems Engineer,Leidos,"Columbia, MD",Software Engineering,https://careers.leidos.com/jobs/14645714-software-systems-engineer?tm_job=R-00139101&tm_event=view&tm_company=2502&bid=11773
Spanish Internet Rater - Work Online in USA,TELUS International AI Inc.,"Littlestown, PA",Software Engineering,https://telusinternational.headway.ai/searchResults/REQ_ID_4168/?org_id=8d397280-d449
Carpenter,Rentokil Terminix,"Santa Rosa, CA",Software Engineering,https://careers.rentokil-terminix.com/job/carpenter-in-santa-rosa-ca-jid-15784
Production Engineering,Meta,"New York, NY",Software Engineering,https://www.metacareers.com/jobs/2176819739360965/?rx_job=a1KDp00000E1N1SMAV_1005&rx_medium=post&rx_paid=0&rx_r=none&rx_ts=20240722T124403Z&ref=a8lA00000004CGFIA2&rx_viewer=433bf807491c11ef8d78e38116e2466c3df6573dee2d4f87b9c816b4d24335e7
"Field Based Provider Performance Consultant - Temecula, CA",UnitedHealth Group,"Temecula, CA",Software Engineering,https://careers.unitedhealthgroup.com/job/20689316/?src=UNS-19084&ss=paid
Penetration Tester,Navy Federal Credit Union,"Vienna, VA",Software Engineering,https://fa-etbx-saasfaprod1.fa.ocs.oraclecloud.com/hcmUI/CandidateExperience/en/sites/CX_1001/job/19677?bid=11773&tid=x_ffc2f22d-9eb7-4dcd-ad76-25ba1a358cdd
"Field Based Provider Performance Consultant - Palm Springs, CA",UnitedHealth Group,"Palm Springs, CA",Software Engineering,https://careers.unitedhealthgroup.com/job/20685430/?src=UNS-19084&ss=paid
User Experience Strategist I/II,Navy Federal Credit Union,"Winchester, VA",Software Engineering,https://fa-etbx-saasfaprod1.fa.ocs.oraclecloud.com/hcmUI/CandidateExperience/en/sites/CX_1001/job/19747?bid=11773&tid=x_f3cf676d-2408-4b12-b34e-fd8c6b684ef8
Junior Cloud Engineer,Leidos,"Arlington, VA",Software Engineering,https://careers.leidos.com/jobs/14681897-junior-cloud-engineer?tm_job=R-00139754&tm_event=view&tm_company=2502&bid=11773
Business Transform Analyst II (AI Strategy),Navy Federal Credit Union,"Winchester, VA",Software Engineering,https://fa-etbx-saasfaprod1.fa.ocs.oraclecloud.com/hcmUI/CandidateExperience/en/sites/CX_1001/job/18921?bid=11773&tid=x_ded4d38e-4b9e-44c0-bdd2-2045891234db
Cash Receipts Accounting Assistant,Perkins Coie,Seattle,Accounting,https://perkinscoie.wd1.myworkdayjobs.com/en-US/perkinscoieexternal/job/Seattle-WA/Cash-Receipts-Accounting-Assistant_R0005195
Accounting Clerk,"Boulder County, CO",Denver,Accounting,https://www.governmentjobs.com/careers/boulder/jobs/4579718/accounting-clerk
Accountant I/II - Department of Housing (Departmental Promotional Only),County of San Mateo,San Francisco Bay Area,Accounting,https://www.governmentjobs.com/careers/sanmateo/jobs/4576656/accountant-i-ii-department-of-housing-departmental-promotional-only
Research Accountant,Drexel University,Philadelphia,Accounting,https://careers.drexel.edu/en-us/job/503526/research-accountant
Accounting Associate,The Branson School,San Francisco Bay Area,Accounting,https://thebransonschool.applytojob.com/apply/dmUNFEYEFy/Accounting-Associate
"VP, Deposit Finance - FP&A",Synchrony,San Francisco Bay Area,Accounting,https://www.synchronycareers.com/job-detail/20733098/vp-deposit-finance-fp-a-remote/
Accountant - Corporate Accounting,Federal Reserve Bank of Chicago,Chicago,Accounting,https://rb.wd5.myworkdayjobs.com/en-US/FRS/job/Chicago-IL/Accountant---Corporate-Accounting_R-0000024675-1
Accounting and Scheduling Assistant,Compassionate Community Care,San Francisco Bay Area,Accounting,https://compassionatehomecare.org/job/accounting-and-scheduling-assistant/
Accounts Payable Clerk,BAG South Atlanta Lex LLC,Atlanta,Accounting,https://recruiting.paylocity.com/recruiting/jobs/Details/2594484/BAG-South-Atlanta-Lex-LLC/Accounts-Payable-Clerk
Accounting Clerk,Holiday Inn Express & Suites Boston - Cambridge,Boston,Accounting,https://careers.hhmhotels.com/jobs/4143063-accounting-clerk
Accountant,U.S. Department of Justice,Seattle,Accounting,https://www.usajobs.gov/job/799462500
Finance Analyst,Procter & Gamble,Boston,Accounting,https://www.pgcareers.com/global/en/job/PGBPGNGLOBALR000111471EXTERNALENGLOBAL/Finance-Analyst
Accounts Payable Specialist,TK Elevator Corporation,Atlanta,Accounting,https://jobs.tkelevator.com/en/job/Accounts-Payable-Specialist?id=891705
"Multiple Finance Roles (Forensic Accounting, Auditors, etc..)",Internet Brands,Los Angeles,Accounting,https://jobs.jobvite.com/careers/internetbrands/job/osK9ufwz
Operations Leader - U.S. International Tax,Baker Hughes,Austin,Accounting,https://careers.bakerhughes.com/global/en/job/BAHUGLOBALR122230/Operations-Leader-U-S-International-Tax
Accounts Payable QA Specialist,LANXESS,Toronto,Accounting,https://career.lanxess.com/job/Pittsburgh-Accounts-Payable-QA-Specialist-PA-15275-1112/1096026801/
"Accounts Payable Clerk, Auto Dealership, Experience Req'd",One Toyota of Oakland,San Francisco Bay Area,Accounting,https://app.firstchoicehiring.com/talent/v/eyJpdiI6Iml0UUxUM3czNUhLcGdtTGY5UHhyN3c9PSIsInZhbHVlIjoidy9LalNadlNVMGVFSlh2bzRCdi9YQT09IiwibWFjIjoiNmI4NzQ0Nzk0M2NhYzA3MTZmMDBiOTZjMDZlN2M4NDMyYzJlYzljN2E3MWU3YmEwZjBiZDE3NjJjOGU1NGMzYyIsInRhZyI6IiJ9
Front Desk Medical Receptionist - (Northwest & Central Austin),"Texas Orthopedics, a division of OrthoLoneStar",Austin,Administration,https://workforcenow.adp.com/mascsr/default/mdf/recruitment/recruitment.html?jobId=932916
On-Air Promotions Scheduling Coordinator,Sinclair Broadcast Group,Los Angeles,Administration,https://edyy.fa.us2.oraclecloud.com/hcmUI/CandidateExperience/en/sites/CX_2002/job/13052
Registration/Receptionist,Orthopaedic & Spine Center of the Rockies,Denver,Administration,https://recruiting.paylocity.com/recruiting/jobs/Details/2596579/Orthopaedic-Spine-Center-of-the-Rockies/RegistrationReceptionist
Office Services Associate - Mon - Fri 9am-6pm,Williams Lea,Boston,Administration,https://wlt.wd3.myworkdayjobs.com/en-US/WL_Careers/job/Boston-MA/Office-Services-Associate---Mon---Fri-9am-6pm_R241002234-1
Legal Secretary-AG Health Care Fraud,State of Ohio Jobs,London,Administration,https://dasstateoh.taleo.net/careersection/oh_ext/jobdetail.ftl?job=240007E5
"Temp Assistant to Director of Programs, Chaplaincy Innovation Lab",Brandeis University,Boston,Administration,https://brandeis.wd5.myworkdayjobs.com/en-US/Jobs/job/Brandeis---Waltham-Campus/Temp-Assistant-to-Director-of-Programs--Chaplaincy-Innovation-Lab_R0010450-1
IT Specialist (Systems Administration/Operating Systems),US Bonneville Power Administration,Vancouver,Administration,https://www.usajobs.gov/job/800871300
Clerical Assistant,Providence,Vancouver,Administration,https://providence.jobs/milwaukie-or/clerical-assistant-10-fte-days/19E361C3D181450285292993D6F3C6E5/job/
Operations Support Specialist/ Office Assistant,TruTeam,Denver,Administration,https://topbuild.wd5.myworkdayjobs.com/en-US/TruTeam_External/job/Aurora-CO/Operations-Support-Specialist--Office-Assistant_R-115824
Hotel Front Desk Agent,Choice Hotels,San Diego,Administration,https://choicehotels.wd5.myworkdayjobs.com/en-US/HotelExternal/job/San-Diego-CA---Country-Inn-San-Diego/Hotel-Front-Desk-Agent_R18137
"Receptionist - Austin, TX",Dream Finders Homes LLC,Austin,Administration,https://workforcenow.adp.com/mascsr/default/mdf/recruitment/recruitment.html?jobId=496327
STAFF ASSISTANT,City of Chicago,Chicago,Administration,https://chicago.taleo.net/careersection/100/jobdetail.ftl?job=184129
"Cloud Infrastructure Engineer (TS/SCI w/ Poly Required) - Chantilly, VA",Deloitte,Washington D. C.,Cloud Engineer,https://apply.deloitte.com/careers/InviteToApply?jobId=188904
"Director, Internal R&D Communications",AstraZeneca,Boston,Content Marketing,https://astrazeneca.wd3.myworkdayjobs.com/Careers/job/US---Boston---MA/Director--Internal-R-D-Communications_R-205330
Content Specialist,"Staples, Inc.",Boston,Content Marketing,https://careers.staples.com/en/job/-/-/44412/67719184384
Communications & Outreach Specialist,US Architect of the Capitol,Washington D. C.,Content Marketing,https://www.usajobs.gov/job/800265700
Social Media Associate,Fingerpaint Marketing,San Francisco Bay Area,Content Marketing,https://jobs.jobvite.com/careers/fingerpaint/job/o3c6tfwy
Marketing Co-op,Precision Castparts Corp.,Los Angeles,Content Marketing,https://pcctalentacquisitionportal.tal.net/vx/lang-en-GB/mobile-0/appcentre-1/brand-7/xf-70f8fb2ce0bb/candidate/so/pm/1/pl/3/opp/13954-Marketing-Co-op/en-GB
"Coordinator, American Rocketry Challenge & Program Outreach",Aerospace Industries Association,Washington D. C.,Content Marketing,https://recruiting.paylocity.com/recruiting/jobs/Details/2571459/Aerospace-Industries-Association/Coordinator-American-Rocketry-Challenge-Program-Outreach
"Visual, Audio, & Media Arts (VAMA) ‚Äì Lab Assistant",Red Rocks Community College,Denver,Content Marketing,https://www.schooljobs.com/careers/rrcc/jobs/4584914/visual-audio-media-arts-vama-lab-assistant
Programmatic Media Platform Buyer,"Miles Partnership, LLC",Denver,Content Marketing,https://workforcenow.adp.com/mascsr/default/mdf/recruitment/recruitment.html?jobId=515729
Public Information Officer 1 [Hybrid Eligible],State of Ohio Jobs,London,Content Marketing,https://dasstateoh.taleo.net/careersection/oh_ext/jobdetail.ftl?job=240007FO
Data Engineer (Offshore),BayOne,San Francisco Bay Area,Data Engineer,https://www2.jobdiva.com/portal/?jobid=22401247
Data Engineer Mid,Customertimes,Remote,Data Engineer,https://customertimes.com/careers/data-engineer-mid/
Data Engineer,Home Depot / THD,Atlanta,Data Engineer,https://careers.homedepot.com/job/20713366/data-engineer-remote/
Jr. Data Center Field Technician,Computacenter,Atlanta,Data Engineer,https://jobs.computacenter.com/job/Atlanta-Jr_-Data-Center-Field-Technician-GA-30303/1092260801/
Data Scientist (Data Engineer),US Small Business Administration,Washington D. C.,Data Engineer,https://www.usajobs.gov/job/800323900
Data Mapping Engineer (TS/SCI),IBM,Washington D. C.,Data Engineer,https://careers.ibm.com/job/20733501/data-mapping-engineer-ts-sci-chantilly-va/
"Cloud Software Engineer, Lead Associate",Peraton,Washington D. C.,DevOps,https://careers.peraton.com/jobs/cloud-software-engineer-lead-associate-laurel-maryland-147606-jobs
DevOps Engineer,"Interclypse, Inc.",Washington D. C.,DevOps,https://recruiting.paylocity.com/recruiting/jobs/Details/2570523/Interclypse-Inc/DevOps-Engineer
Client and Market Intelligence Associate- Remote Eligible,RSM US LLP,Remote,Email Marketing,https://rsm.wd1.myworkdayjobs.com/en-US/RSMCareers/job/Remote/Client-and-Market-Intelligence-Associate--Remote-Eligible_JR107852
Assistant Brand Manager,Dare Foods Limited,Seattle,Email Marketing,https://careers-darefoods.icims.com/jobs/1747/job
Digital Account Manager,FORTUNE,Chicago,Email Marketing,https://boards.greenhouse.io/fortune/jobs/5226878004
Program Management Specialist (Aerospace),Boeing Distribution Services Inc.,Miami,Engineering Manager,https://jobs.boeingdistribution.com/job/Miami-Program-Management-Specialist-%28Aerospace%29-FL-33018/1185404800/
Engineering Manager - Blockchain Platforms - Wallet,Coinbase,Remote,Engineering Manager,https://www.coinbase.com/en-nl/careers/positions/6118471
Project Engineer / Project Manager,Onex,Toronto,Engineering Manager,https://www.onexinc.com/join-our-team
Leadership Development Program - Contracts - Early Career (Starts June 2025),Raytheon Technologies Corporate Headquarters,Washington D. C.,Engineering Manager,https://careers.rtx.com/global/en/job/01710540
Information Technology Specialist (Financial Systems Administrator),US National Gallery of Art,Washington D. C.,Finance,https://www.usajobs.gov/job/799844000
Finance Undergraduate Program,Metrea Management LLC,Washington D. C.,Finance,https://workforcenow.adp.com/mascsr/default/mdf/recruitment/recruitment.html?jobId=517301
Financial Specialist/Accounts Payable,Tidewater Community College,Remote,Finance,https://jobs.vccs.edu/postings/75389
"Attorney Advisor, GS-0905-14, FPL 14 (DE)",US Office of Finance and Operations,Washington D. C.,Finance,https://www.usajobs.gov/job/800542600
"VP, Deposit Finance - FP&A",Synchrony,New York City,Finance,https://www.synchronycareers.com/job-detail/20733162/vp-deposit-finance-fp-a-remote/
Financial Advisor I - Sandy Springs,Navy Federal Credit Union,"Roswell, GA",Finance,https://fa-etbx-saasfaprod1.fa.ocs.oraclecloud.com/hcmUI/CandidateExperience/en/sites/CX_1001/job/19680?bid=11773&tid=x_7b5ec32d-a448-49e9-a4b1-00211f3a3305
Collections Representative - Remote in MN or WI,UnitedHealth Group,"Milwaukee, WI",Finance,https://careers.unitedhealthgroup.com/job/20724258/?src=UNS-19084&ss=paid
Risk Adjustment Advanced Practice Clinician | Optum - Los Angeles *** WILLING TO TRAIN NEW GRADS! ***,UnitedHealth Group,"Duarte, CA",Finance,https://careers.unitedhealthgroup.com/job/20314527/?src=UNS-19084&ss=paid
Staff Accountant - Thousand Oaks,Enterprise Holdings,"Westlake Village, CA",Finance,https://careers.enterprise.com/job/-/-/430/66091742960?
Junior Accounting Analyst - Toronto,Mark Anthony Group,"Toronto, ON",Finance,https://recruiting2.ultipro.com/MAR5000MAG/JobBoard/8febf0ae-8776-428e-b625-2faa005b7fc1/OpportunityDetail?opportunityId=7b48c13b-60df-4af4-ace2-6d83706064e9
Junior Analyst OTC (Underwriting),Bridgestone Americas,"San Francisco, CA",Finance,https://costarica-bridgestone.icims.com/jobs/186313/junior-analyst-otc-%28underwriting%29/job?mode=job
Front-End Engineer,"Amazon Web Services, Inc. - A97",Seattle,Front End,https://www.amazon.jobs/en/jobs/2652074/front-end-engineer
Staff Full Stack Engineer (Growth),Honor,Remote,Full Stack,https://www.honorcare.com/honor-careers/career/?jobID=7553497002
"Staff Engineer, Frontend/Fullstack, Public Web",Afterpay,Remote,Full Stack,https://jobs.smartrecruiters.com/Square/743999999514596-staff-engineer-frontend-fullstack-public-web
Adjunct Faculty - Engineering Graphics & Design (EGR),Morton College,Chicago,Graphic Design,https://careers.morton.edu/postings/3445
Graphic Designer / Desktop Publishing Specialist,"Credence Management Solutions, LLC",Washington D. C.,Graphic Design,https://careers-credence-llc.icims.com/jobs/8427/job
"Designer, Packaging Omnichannel ‚Äì Dolls Licensed and American Girl",Mattel,Los Angeles,Graphic Design,https://jobs.mattel.com/en/job/el-segundo/designer-packaging-omnichannel-dolls-licensed-and-american-girl/2015/67591297824
UX Data Visualization Designer,Ford Motor Company,Remote,Graphic Design,https://efds.fa.em5.oraclecloud.com/hcmUI/CandidateExperience/en/sites/CX_1/job/29258
UI/UX Designer,Philips,Seattle,Graphic Design,https://philips.wd3.myworkdayjobs.com/en-US/jobs-and-careers/job/Bothell/UI-UX-Designer_529973
Associate Graphic Designer,Humanscale,New York City,Graphic Design,https://careers-humanscale.icims.com/jobs/4038/job
Experience Designer,Booz Allen,Washington D. C.,Graphic Design,https://careers.boozallen.com/careers/JobDetail?jobId=99926
Communications Associate,COMMISSION ON RACIAL EQUITY,New York City,Growth Marketing,https://cityjobs.nyc.gov/job/communications-associate-in-manhattan-jid-24802
Digital Assistant Media Planner - Honda and Acura,RPA,Los Angeles,Growth Marketing,https://boards.greenhouse.io/rpa/jobs/4427798005
Insights Associate,DISQO,Remote,Growth Marketing,https://jobs.lever.co/disqo/11b203e8-dce7-485c-9635-5a765ed3e4c2
Assistant Professor of Marketing: Consumer Insights and Analytics,California State University,San Diego,Growth Marketing,https://csucareers.calstate.edu/en-us/job/541325/assistant-professor-of-marketing-consumer-insights-and-analytics
Catering Sales and Marketing Coordinator -Chicago,GOSH,Chicago,Growth Marketing,https://gosh-charleys.icims.com/jobs/1454/job
Sales & Marketing Associate,Bozzuto,Boston,Growth Marketing,https://bozzuto.csod.com/ux/ats/careersite/3/home/requisition/19781?c=bozzuto
Digital Marketing Associate,LA Clippers,Los Angeles,Growth Marketing,https://www.nba.com/clippers/company/careers/openposition?gh_jid=4387646006
B2B Marketing Coordinator,Digital Science,Remote,Growth Marketing,https://digitalscience.pinpointhq.com/postings/6cc88537-1067-4fe1-9877-df119e482552
"Associate Manager, Brand Education",DECIEM,New York City,Growth Marketing,https://deciem-prod-atlanta.us.careers.hr/p/57d4635b91b04542af5c229d108ce16a-associate-manager-brand-education
Pathology Assistant - Per diem,Labcorp,"Baltimore, MD",Healthcare,https://careers.labcorp.com/global/en/job/COVAGLOBAL2428359EXTERNALENGLOBAL/Pathology-Assistant-Per-diem?
"Emergency Department Patient Access Registrar - Boulder, CO",UnitedHealth Group,"Boulder, CO",Healthcare,https://careers.unitedhealthgroup.com/job/20702216/?src=UNS-19084&ss=paid
ETS Analyst II - FinOps Practitioner,Navy Federal Credit Union,"Vienna, VA",Healthcare,https://fa-etbx-saasfaprod1.fa.ocs.oraclecloud.com/hcmUI/CandidateExperience/en/sites/CX_1001/job/19570?bid=11773&tid=x_9438a8bb-7371-42ca-9c40-9a7385c9ba75
People Strategies Coordinator,Shawmut,Boston,Human Resources,https://careers-shawmut.icims.com/jobs/6088/job
Departmental HR Assistant,University of Texas at Austin,Austin,Human Resources,https://utaustin.wd1.myworkdayjobs.com/en-US/UTstaff/job/PICKLE-RESEARCH-CAMPUS/Departmental-HR-Assistant_R_00034469
People Operations Retail Specialist,Columbia Sportswear Company,Vancouver,Human Resources,https://columbiasportswearcompany.wd5.myworkdayjobs.com/en-US/CSC_Careers/job/Portland-Oregon-United-States-of-America/People-Operations-Retail-Specialist_R-016127-3
HR Services Administrator,"Staples, Inc.",Boston,Human Resources,https://careers.staples.com/en/job/-/-/44412/67665476080
Human Capital Associate - 642159,CONSUMER AND WORKER PROTECTION,New York City,Human Resources,https://cityjobs.nyc.gov/job/human-capital-associate-642159-in-nyc-all-boros-jid-24774
Human Resources Assistant,Fox Rothschild LLP,Philadelphia,Human Resources,https://recruiting.ultipro.com/FOX1001FRLLP/JobBoard/88a19d60-0e84-49c7-b754-509a756678e7/OpportunityDetail?opportunityId=ff0ba4a5-134a-4678-8eb1-adcab4c3cf86
HR Specialist,US Office of Personnel Management,Washington D. C.,Human Resources,https://www.usajobs.gov/job/800131300
HR Coordinator,BNBuilders,Seattle,Human Resources,https://jobs.ourcareerpages.com/job/897122~Primary~13224303
HR Manager,ModernHaus SoHo,New York City,Human Resources,https://externalmanagement-highgate.icims.com/jobs/55887/job
Human Resources Coordinator,McNaughton-McKay Electric Company,Atlanta,Human Resources,https://us241.dayforcehcm.com/CandidatePortal/en-US/mcmc/Posting/View/9360
Talent Acquisition Partner,Axos Bank,San Diego,Human Resources,https://axos.wd5.myworkdayjobs.com/en-US/Axos/job/HQ---San-Diego-CA/Talent-Acquisition-Partner_JR855
Human Resources Expert,Target,Atlanta,Human Resources,https://target.wd5.myworkdayjobs.com/targetcareers/job/3535-Peachtree-Rd-NE-AtlantaGA-30326-3287/Human-Resources-Expert_R0000348636
Temporary Recruiter,Cedar Hills Hospital,Vancouver,Human Resources,https://uhs.jibeapply.com/careers/jobs/267689/job
"AVP HR Risk, Finance & Vendor Management",Navy Federal Credit Union,Washington D. C.,Human Resources,https://fa-etbx-saasfaprod1.fa.ocs.oraclecloud.com/hcmUI/CandidateExperience/en/sites/CX_1001/job/19554
Junior Client PMO Coordinator,ADP,"Staines-upon-Thames, England",Human Resources,https://jobs.adp.com/en/jobs/6011581606282024/junior-client-pmo-coordinator/
Finance Business Intelligence Analyst,William Blair & Company,Chicago,Investment Banking,https://www.williamblair.com/Careers/job-description?gh_jid=4412749007
Investment Banking Associate - Leveraged Finance,William Blair & Company,Chicago,Investment Banking,https://www.williamblair.com/Careers/job-description?gh_jid=4403142007
Finance - Global Fund Finance - BXMA Direct Trading Assistant Vice President,Blackstone Group,Miami,Investment Banking,https://blackstone.wd1.myworkdayjobs.com/en-US/Blackstone_Careers/job/Miami/Finance---Global-Fund-Finance---BXMA-Direct-Trading-Assistant-Vice-President_33047
Finance - Global Fund Finance - Blackstone Real Estate Drawdowns (BREDS) AVP,Blackstone Group,New York City,Investment Banking,https://blackstone.wd1.myworkdayjobs.com/en-US/Blackstone_Careers/job/New-York/Finance---Global-Fund-Finance---Blackstone-Real-Estate-Drawdowns--BREDS--AVP_32880
Business Analyst for FIS¬Æ Investment Accounting Manager,FIS Global,Denver,Investment Banking,https://careers.fisglobal.com/us/en/job/FIGLUSJR0279197EXTERNAL/Business-Analyst-for-FIS-Investment-Accounting-Manager
PARALEGAL II,City of Chicago,Chicago,Legal,https://chicago.taleo.net/careersection/100/jobdetail.ftl?job=183184
Injury Claims - Attorney Represented,Progressive,Vancouver,Legal,https://progressive.taleo.net/careersection/2/jobdetail.ftl?job=232227
Attorney Advisor (General),U.S. Department of Justice,Washington D. C.,Legal,https://www.usajobs.gov/job/800682600
Law Librarian for Research Services (MacMillan Law Library),Emory University,Atlanta,Legal,https://faculty-emory.icims.com/jobs/132773/job
Paralegal Project Specialist,State of Arizona,Remote,Legal,https://www.azstatejobs.gov/jobs/paralegal-project-specialist-remote-options-arizona-united-states-phoenix-ebacc83b-37af-47d8-b4b7-006d89c7f8dd
Insurance Defense Attorney - Southern California,Farmers Insurance Group,Remote,Legal,https://jobs.farmersinsurance.com/job/Los-Angeles-Insurance-Defense-Attorney-Southern-California-CA-90017/799262202/
Hybrid Virtual Legal Assistant - Mon - Fri 12pm-9pm,Williams Lea,London,Legal,https://wlt.wd3.myworkdayjobs.com/en-US/WL_Careers/job/Columbus-OH/Hybrid-Virtual-Legal-Assistant---Mon---Fri-12pm-9pm_R241002331
Supervisory Attorney Advisor (Employee Labor Relations),U.S. Department of Justice,Chicago,Legal,https://www.usajobs.gov/job/800032000
Trial Attorney,US Federal Energy Regulatory Commission,Washington D. C.,Legal,https://www.usajobs.gov/job/799456200
TDA - Legal - Assistant General Counsel,Texas Department of Agriculture,Austin,Legal,https://capps.taleo.net/careersection/551/jobdetail.ftl?job=00043586
Workers' Compensation Judge,Commonwealth of PA,Philadelphia,Legal,https://www.governmentjobs.com/careers/pabureau/jobs/4583438/workers-compensation-judge
Paralegal Specialist,U.S. Department of Justice,Boston,Legal,https://www.usajobs.gov/job/800751200
Injury Claims - Attorney Represented,Progressive,Seattle,Legal,https://progressive.taleo.net/careersection/2/jobdetail.ftl?job=232232
Attorney-Advisor,US Environmental Protection Agency,Chicago,Legal,https://www.usajobs.gov/job/800616100
Staff Counsel,ComPsych Corporation,Chicago,Legal,https://careers-compsych.icims.com/jobs/1416/job
Immigration Paralegal I,Berry Appleman & Leiden LLP,Washington D. C.,Legal,https://jobs.jobvite.com/careers/bal/job/omfaufwZ
Patent Paralegal,Fish & Richardson P.C.,Washington D. C.,Legal,https://careers.fr.com/#2patent-paralegal-washington-d-c
"Associate, Leveraged Finance (4-5 Years) - Boston/Chicago/New York",EachHire,Chicago,Legal,https://www.apply.eachhire.com/form/f65ec88f-9b47-4f98-9f0b-bf291065bf00/Q-7Mz7aH1Bj0S4Vozbojy
Paralegal Project Specialist,Arizona Healthcare,Remote,Legal,https://jobs.azahcccs.gov/title-paralegal-project-specialist/job/28322057
Attorney 4 - Office of Chief Legal Counsel,State of Ohio Jobs,London,Legal,https://dasstateoh.taleo.net/careersection/oh_ext/jobdetail.ftl?job=240006BB
Autonomous Vehicle AI Engineer ‚Äì Computer Vision and Path Planning,Blue Origin,Seattle,Machine Learning,https://blueorigin.wd5.myworkdayjobs.com/en-US/BlueOrigin/job/Seattle-WA/Autonomous-Vehicle-AI-Engineer---Computer-Vision-and-Path-Planning_R45296
Principal Data Scientist,Gap Inc.,San Francisco Bay Area,Machine Learning,https://www.gapinc.com/en-us/jobs/w11/27/principal-data-scientist-enterprise-data-science-s
"CIRES/ NOAA Physical Sciences Laboratory, Coupled Data Assimilation Research Scientist",University of Colorado Boulder,Denver,Machine Learning,https://jobs.colorado.edu/jobs/JobDetail/CIRES-NOAA-Physical-Sciences-Laboratory-Coupled-Data-Assimilation-Research-Scientist/57808
AI/ML Engineer - SME,Cornerstone Defense,Washington D. C.,Machine Learning,https://cornerstonedefense.com/job-listings/ai-ml-engineer-sme/
Data Scientist,"US Offices, Boards and Divisions",Washington D. C.,Machine Learning,https://www.usajobs.gov/job/800183700
"AIML - ML Engineer, Machine Learning Platform & Intelligence",Apple,San Francisco Bay Area,Machine Learning,https://jobs.apple.com/en-us/details/200554335/aiml-ml-engineer-machine-learning-platform-intelligence
Data Science Innovation Postdoctoral Fellow: Cardiac AI,Novartis,Boston,Machine Learning,https://www.novartis.com/careers/career-search/job/details/req-10014140-data-science-innovation-postdoctoral-fellow-cardiac-ai
Data Science Analyst,Royal Caribbean Group,Miami,Machine Learning,https://jobs.royalcaribbeangroup.com/job/Miami-Data-Science-Analyst-FL-33132/1190944400/
BUSINESS DATA PLATFORM MANAGER,Norfolk Southern Corp,Atlanta,Machine Learning,https://jobs.nscorp.com/job/Atlanta-Business-Data-Platform-Manager-GA-30308/1190966000/
Data Scientist,US Small Business Administration,Washington D. C.,Machine Learning,https://www.usajobs.gov/job/800328100
"Scientist, Computational Biology",Insmed Incorporated,Remote,Machine Learning,https://careers-insmed.icims.com/jobs/5949/job
Statistician,US Office of Enterprise Integration,Washington D. C.,Machine Learning,https://www.usajobs.gov/job/800057800
Data Scientist,Flip Fit,Los Angeles,Machine Learning,https://jobs.lever.co/flipfit/3e01fb26-be4d-4ded-9f17-dda350ac10fd
Machine Learning Engineer 2,Intuit,San Diego,Machine Learning,https://jobs.intuit.com/job/-/-/27595/67584484176
"Application Research Scientist, Quantum AI",Google,Los Angeles,Machine Learning,https://www.google.com/about/careers/applications/jobs/results/127633271549764294-application-research-scientist/
DATA SCIENTIST (INTERDISIPLINARY),US Office of Naval Research,Washington D. C.,Machine Learning,https://www.usajobs.gov/job/799246200
Postdoctoral Fellow - Machine Learning and Clinical Informatics,Office of Intramural Training & Education,Washington D. C.,Machine Learning,https://www.training.nih.gov/jobs/pdf-mlci-043024/
Marketing Coordinator,Plante Moran,Denver,Marketing,https://plantemoran.avature.net/careers/JobDetail/GTM-Marketing-Coordinator/6986
Community Manager (Women's Brand,Buck Mason,Los Angeles,Marketing,https://jobs.lever.co/buckmason/d8dbcb73-457f-446e-acd2-9e4607f4c94a
"Genesis Market Manager (OH,KY,IN)",Hyundai Motor America,Chicago,Marketing,https://careersautomotive.com/Genesis/job/Oakbrook-Terrace-Genesis-Market-Manager-%28OH%2CKY%2CIN%29-IL-60181/1192726900/
"Principal PMT, Fixed Marketing Campaign Measurement & Optmization",Amazon.com Services LLC - A57,Seattle,Marketing,https://www.amazon.jobs/en/jobs/2703261/principal-pmt-fixed-marketing-campaign-measurement-optmization
Marketing Operations Coordinator,Beltone,Chicago,Marketing,https://gn.wd3.myworkdayjobs.com/en-US/beltonecareers/job/IL-Chicago/Marketing-Operations-Coordinator_R22729
FILA Brand Ambassador (NY Pop-UP),Winston Retail,New York City,Marketing,https://careers.winstonretail.com/jobs/11559/job
Field Marketing Coordinator,NHOMS / MassOMS PLLC,Boston,Marketing,https://recruiting.paylocity.com/recruiting/jobs/Details/2584489/NHOMS-MassOMS-PLLC/Field-Marketing-Coordinator
"Brand Ambassador - Hugo Boss Orange, State Street - Full Time",Macy‚Äôs,Chicago,Marketing,https://ebwh.fa.us2.oraclecloud.com/hcmUI/CandidateExperience/en/sites/CX_1001/job/REQ_445017
Coord - Integrated Marketing,AMC Networks Inc.,New York City,Marketing,https://amcn.wd5.myworkdayjobs.com/en-US/amcnetworks/job/New-York-NY/Coord---Integrated-Marketing_R-4208
"Brand Ambassador - Hugo Boss Orange, Lenox Square - Full Time",Macy‚Äôs,Atlanta,Marketing,https://ebwh.fa.us2.oraclecloud.com/hcmUI/CandidateExperience/en/sites/CX_1001/job/REQ_444989
"Vice President, Marketing",Portland Thorns FC,Vancouver,Marketing,https://www.teamworkonline.com/soccer-jobs/nwslsoccer/portland-thorns-fc/vice-president-marketing-2087073
Marketing & Outreach Specialist (Publications Coordinator),US Assistant Secretary for Fair Housing and Equal Opportunity,Washington D. C.,Marketing,https://www.usajobs.gov/job/800738700
Marketing Coordinator,Clear Channel Outdoor,Chicago,Marketing,https://clearchanneloutdoor.wd5.myworkdayjobs.com/en-US/CCO/job/Chicago-IL-Michigan--Outdoor/Marketing-Coordinator_Req22541
Social Media Associate,Dark Horse Comics,Vancouver,Marketing,https://recruiting.paylocity.com/recruiting/jobs/Details/2588391/Dark-Horse-Comics/Social-Media-Associate
Marketing Operations Coordinator,GN Group,Chicago,Marketing,https://gn.wd3.myworkdayjobs.com/en-US/GN-Careers/job/IL-Chicago/Marketing-Operations-Coordinator_R22729-1
Communication Specialist,US National Institutes of Health,Washington D. C.,Marketing,https://www.usajobs.gov/job/800504800
Marketing & Communications Specialist,San Diego State University Research Foundation,San Diego,Marketing,https://careers-sdsurf.icims.com/jobs/17518/job
Go! Vermont Outreach Coordinator,AECOM,Remote,Marketing,https://jobs.smartrecruiters.com/AECOM2/744000002079793-go-vermont-outreach-coordinator
Go! Vermont Outreach Coordinator,AECOM,Remote,Marketing,https://jobs.smartrecruiters.com/AECOM2/744000002076097-go-vermont-outreach-coordinator
Product Marketing Lead,AdeptID,Boston,Marketing,https://adeptid.applytojob.com/apply/EGD8NNTayg/Product-Marketing-Lead
Entry-Level Mechanical Engineer,Sargent & Lundy,Chicago,Mechanical Engineer,https://careers-sargentlundy.icims.com/jobs/11785/job
Naval Architect - Entry level,Serco North America,Remote,Mechanical Engineer,https://careers-sercous.icims.com/jobs/65317/job
Mechanical Engineer - Hydraulics and Structure Design,Hyster-Yale Group,Vancouver,Mechanical Engineer,https://hysteryale.wd1.myworkdayjobs.com/en-US/Hyster-YaleCareers/job/HY-US-Portland-OR/Mechanical-Engineer---Hydraulics-and-Structure-Design_R6395
Project Engineer,DNV,London,Mechanical Engineer,https://jobs.dnv.com/job-search/energy-systems/engineer/columbus-oh-united-states/project-engineer/300000751873895
Infrastructure Engineer,Hadrian,Los Angeles,Mechanical Engineer,https://jobs.lever.co/hadrian/6f78bc61-8ab0-4220-8f1b-330f18e29fda
"Associate Field Engineer - Columbus, OH",UL Solutions,London,Mechanical Engineer,https://fa-eups-saasfaprod1.fa.ocs.oraclecloud.com/hcmUI/CandidateExperience/en/sites/CX_1/job/3127
Guest Focus & Supplier Operations Specialist,Backroads,San Francisco Bay Area,Operations and Strategy,https://backroads.wd1.myworkdayjobs.com/en-US/BR/job/Berkeley-California/Guest-Focus---Supplier-Operations-Specialist_JR100454
IT Operations Consultant,"Delta Air Lines, Inc.",Atlanta,Operations and Strategy,https://delta.avature.net/en_US/careers/JobDetail?jobId=25559
"Advisor, Customer Logistics and Supply Chain",Coca-Cola,Atlanta,Operations and Strategy,https://careers.coca-colacompany.com/job/20720307/advisor-customer-logistics-and-supply-chain-atlanta-ga/
Operations Manager,CVS Health,Philadelphia,Operations and Strategy,https://jobs.cvshealth.com/job/20721392/operations-manager-philadelphia-pa/
Continuity of Operations Specialist,US Architect of the Capitol,Washington D. C.,Operations and Strategy,https://www.usajobs.gov/job/799603700
Operations Coordinator at KIPP Denver Collegiate,KIPP Colorado,Denver,Operations and Strategy,https://kippcolorado.applytojob.com/apply/m8lkJKV40W/Operations-Coordinator-At-KIPP-Denver-Collegiate
Sales Operations Analyst - Tock,Squarespace,Chicago,Operations and Strategy,https://www.squarespace.com/about/careers?gh_jid=6120518
"Assistant Manager, Operations",Lululemon,Washington D. C.,Operations and Strategy,https://careers.lululemon.com/en_US/careers/JobDetail/Assistant-Manager-Operations-F-Street/40417
Human Resources Operations and Benefits Manager,WETA,Washington D. C.,Operations and Strategy,https://weta.org/about/careers/jobs/human-resources-operations-and-benefits-manager
Operations Manager,CVS Health,New York City,Operations and Strategy,https://jobs.cvshealth.com/job/20699229/operations-manager-brooklyn-ny/
"Coordinator, Communications Strategy and Operations - Office of Advancement",Georgetown University,Washington D. C.,Operations and Strategy,https://georgetown.wd1.myworkdayjobs.com/en-US/Georgetown_Admin_Careers/job/2115-Wisconsin-Avenue/Coordinator--Communications-Strategy-and-Operations---Office-of-Advancement_JR18290
Facility Operations Specialist,US Military Treatment Facilities under DHA,Los Angeles,Operations and Strategy,https://www.usajobs.gov/job/800413700
Pharmacy Operations Coordinator,UCare,Remote,Operations and Strategy,https://myjobs.adp.com/ucarecareers/cx/job-details
"Assistant Manager, Operations",Lululemon,Atlanta,Operations and Strategy,https://careers.lululemon.com/en_US/careers/JobDetail/Assistant-Manager-Operations-Howell-Mill/40332
Director of Operations,KinderCare Education,Atlanta,Operations and Strategy,https://www.kcecareers.com/job/KNOWA0054240004QKEXTERNALENUS/Director-of-Operations
"Retail Cosmetics Sales Associate - Trend Beauty, Roosevelt - Part Time",Macy‚Äôs,Philadelphia,Partnerships,https://ebwh.fa.us2.oraclecloud.com/hcmUI/CandidateExperience/en/sites/CX_1001/job/REQ_457901
Associate Product Quality Analyst,Abbott Laboratories,Boston,Product Analyst,https://www.jobs.abbott/us/en/job/ABLAUS31093806ENUSEXTERNAL/Associate-Product-Quality-Analyst
PL Product Analyst I (hybrid/remote),Grange Insurance Company,London,Product Analyst,https://recruiting.ultipro.com/GRA1009GMC/JobBoard/59c4f4ab-af79-401b-8093-07af99fb34ac/OpportunityDetail?opportunityId=0c8b93f2-0695-453a-b6c6-8e0a3f11d7c1
"Product Operations Analyst, World Wide Revenue Operations","Amazon Web Services, Inc.",Seattle,Product Analyst,https://www.amazon.jobs/en/jobs/2705339/product-operations-analyst-world-wide-revenue-operations
Product Lead | AI Powered | MYMOVE+ (Hybrid),Red Ventures,New York City,Product Analyst,https://www.redventures.com/careers/overview?gh_jid=5956187
Public Utilities Specialist (Settlements Product Owner),US Bonneville Power Administration,Vancouver,Product Management,https://www.usajobs.gov/job/799596900
Associate Product Manager,Poll Everywhere,Remote,Product Management,https://jobs.lever.co/polleverywhere/dc3f2ec5-6884-42ee-94fc-5f7d01bf9979
Treasury Management Product Manager - Lockbox/SWIFT/Wires,CIBC,Chicago,Product Management,https://cibc.wd3.myworkdayjobs.com/en-US/search/job/Chicago-IL/Treasury-Management-Product-Manager---Lockbox-SWIFT-Wires_2414034
Associate Product Manager- Bound Tree Medical - Hybrid Work from Home Schedule,"Sarnova HC, LLC",Remote,Product Management,https://careers.sarnova.com/jobs/4641/job
Product Management Assistant,American Red Cross,Philadelphia,Product Management,https://americanredcross.wd1.myworkdayjobs.com/en-US/American_Red_Cross_Careers/job/Philadelphia-PA/Product-Management-Assistant_RC74854
"Principal Product Manager - Tech, Consolidation",Amazon.com Services LLC,Seattle,Product Management,https://www.amazon.jobs/en/jobs/2701847/principal-product-manager-tech-consolidation
IXL Associate Product Manager,IXL Learning,San Francisco Bay Area,Product Management,https://www.ixl.com/company/careers?gh_jid=7520337002
Chief Product Owner and Head of Strategy and Product Advancement,Federal Reserve Bank of New York,New York City,Product Management,https://rb.wd5.myworkdayjobs.com/en-US/FRS/job/New-York-NY/Chief-Product-Owner_R-0000024763
"Vice President, Customer Experience Product Management (Remote/Flexible)",Insulet Corporation,Remote,Product Management,https://insulet.wd5.myworkdayjobs.com/en-US/insuletcareers/job/Acton-Massachusetts/Vice-President--Customer-Experience-Product-Management--Remote-Flexible-_REQ-2024-6842
Data Science Manager - Product,Netflix,Remote,Product Management,https://jobs.netflix.com/jobs/340818450
Junior Product Manager - B2B,EVENTIM USA,Los Angeles,Product Management,https://eventim.applytojob.com/apply/xUPXdrI3jE/Junior-Product-Manager-B2B
Justice Program Associate Emergency Appointment,Los Angeles County Department of Human Resources,Los Angeles,Recruitment,https://www.governmentjobs.com/careers/lacounty/jobs/4496858/justice-program-associate-emergency-appointment
"Supervisory General Engineer, GS-0801-13",U.S. Coast Guard,Miami,Recruitment,https://www.usajobs.gov/job/800910200
Clinical Research Coordinator - Pathology,University of California San Francisco,San Francisco Bay Area,Recruitment,https://sjobs.brassring.com/TGnewUI/Search/home/HomeWithPreLoad?jobid=3566873
Human Resources Assistant (Recruitment & Placement),US Office of the Secretary of the Interior,Denver,Recruitment,https://www.usajobs.gov/job/800981100
Recreation Facilities Assistant (Part-time up to 19hr per week),"City of Pasadena, CA",Los Angeles,Recruitment,https://www.governmentjobs.com/careers/pasadena/jobs/4583841/recreation-facilities-assistant-part-time-up-to-19hr-per-week
Project Coordinator II,Columbia University,New York City,Recruitment,https://opportunities.columbia.edu/jobs/project-coordinator-ii-columbia-university-medical-center-new-york-united-states-e440b0ba-fcef-4e82-a069-84d4177e23de
Adjunct - FY25 Child Development Teacher,Los Angeles Community College District,Los Angeles,Recruitment,https://laccd.csod.com/ats/careersite/JobDetails.aspx?id=1902
Human Resources Specialist (Human Resource Specialist),U.S. Department of Justice,Miami,Recruitment,https://www.usajobs.gov/job/800596100
Network Specialist,San Diego Community College District,San Diego,Recruitment,https://www.sdccdjobs.com/postings/16024
Health Technician (Telemetry Monitor)(Full-Time Work Schedule) OPEN CONTINUOUS,US Veterans Health Administration,Chicago,Recruitment,https://www.usajobs.gov/job/800954000
Principal 219-Days (assignment at Fletcher Elementary School),San Diego Unified School District,San Diego,Recruitment,https://www.schooljobs.com/careers/sandi/jobs/4588096/principal-219-days-assignment-at-fletcher-elementary-school
Part Time Sales Associate - Polaris Fashion Place,Pandora Jewelry,London,Recruitment,https://careers.pandoragroup.com/job/COLUMBUS-Part-Time-Sales-Associate-Polaris-Fashion-Place-OH-43085/1095058401/
Public Safety Assistant- Office,City of Paramount,Los Angeles,Recruitment,https://www.governmentjobs.com/careers/paramountcity/jobs/4587822/public-safety-assistant-office
Human Resources Coordinator,See's Candies,San Francisco Bay Area,Recruitment,https://sees.wd1.myworkdayjobs.com/en-US/Sees_Candies/job/Daly-City-CA/Human-Resources-Coordinator_JR102079
"Clinical Research Coordinator I - School of Medicine, Department of Gynecology and Obstetrics",Emory University,Atlanta,Recruitment,https://staff-emory.icims.com/jobs/132521/job
Retail Sales Associate-NEWPORT CENTRE,Bath & Body Works,New York City,Recruitment,https://careers.bathandbodyworks.com/en/job/20740130/retail-sales-associate-newport-centre-jersey-city-nj/
Advancement Marketing Associate,Susan B Anthony Pro-Life America,Washington D. C.,Recruitment,https://www.catholicjobs.com/job/11358165595
Case Aid (Social Service Assistant) Temporary,Department of Human Services,Vancouver,Recruitment,https://oregon.wd5.myworkdayjobs.com/en-US/SOR_External_Career_Site/job/Gresham--DHS/Case-Aid--Social-Service-Assistant--Temporary_REQ-144010
Human Resources Coordinator,Uniqlo,Philadelphia,Recruitment,https://fastretailing.wd3.myworkdayjobs.com/en-US/retail_us_Uniqlo/job/Philadelphia-Pennsylvania/Human-Resources-Coordinator_R00000004142880
Assistant Manager - 2nd,Rack Room Shoes,Miami,Recruitment,https://careers-rackroomshoes.gr8people.com/jobs/25834/assistant-manager-2nd
"Deputy Sheriff, Recruit (Entry-Level)",Clackamas County,Vancouver,Recruitment,https://hrapp.clackamas.us/psc/recruit/EMPLOYEE/HRMS/s/...
Research Associate - Surgery - C-STAR,NYU Langone,New York City,Recruitment,https://nyulangone-openhire.silkroad.com/epostings/submit.cfm?jobid=96676
Staff Research Associate I - Anesthesiology,UCLA Health,Los Angeles,Recruitment,https://www.uclahealthcareers.org/job/20737224/staff-research-associate-i-anesthesiology-los-angeles-ca/
Reatail Sales Associate,Marshalls,Denver,Sales,https://jobs.tjx.com/global/en/job/TJCOGLOBAL2272499EXTERNALENGLOBAL/Reatail-Sales-Associate
Retail Sales Associate - Part-Time,Burlington Stores,Atlanta,Sales,https://burlingtonstores.jobs/college-park-ga/retail-sales-associate-part-time/C1A8558788C54A848AC0647AABB4BE18/job/
Sales Associate Sunglass Hut,Sunglass Hut,Washington D. C.,Sales,https://careers.essilorluxottica.com/job/Arlington-Sales-Associate-Sunglass-Hut-VA-22202/1094030501/
Full Time - Sales Associate - Outside Lawn & Garden - Closing,Lowe's,Vancouver,Sales,https://talent.lowes.com/us/en/job/JR-01839391/Full-Time-Sales-Associate-Outside-Lawn-Garden-Closing
"Beauty Sales Consultant, Licensed",CVS Health,Los Angeles,Sales,https://jobs.cvshealth.com/job/20733661/beauty-sales-consultant-licensed-los-angeles-ca/
Sales Associate,Petco,Denver,Sales,https://careers.petco.com/us/en/job/PEQPETUSR265425EXTERNALENUS/Sales-Associate
"Retail Cosmetics Sales Beauty Advisor - Prestige Beauty, Corte Madera Village - Full Time",Macy‚Äôs,San Francisco Bay Area,Sales,https://ebwh.fa.us2.oraclecloud.com/hcmUI/CandidateExperience/en/sites/CX_1001/job/REQ_457899
"SALES PROFESSIONAL, FULL TIME",Ralph Lauren,Los Angeles,Sales,https://careers.ralphlauren.com/CareersCorporate/JobDetail/Sales-Professional-Full-Time/49552
"Retail Fragrances Sales Associate, Brooklyn - Full Time",Macy‚Äôs,New York City,Sales,https://ebwh.fa.us2.oraclecloud.com/hcmUI/CandidateExperience/en/sites/CX_1001/job/REQ_459432
Full Time - Sales Specialist - Flooring - Day,Lowe's,Boston,Sales,https://talent.lowes.com/us/en/job/JR-01837424/Full-Time-Sales-Specialist-Flooring-Day
Contemporary Sales Associate - San Francisco,Neiman Marcus,San Francisco Bay Area,Sales,https://neimanmarcus.taleo.net/careersection/nmg_external/jobdetail.ftl?job=330549
Full Time - Sales Specialist - Appliances - Day,Lowe's,Seattle,Sales,https://talent.lowes.com/us/en/job/JR-01837241/Full-Time-Sales-Specialist-Appliances-Day
Part-time Remote Sales - 100% Commission-based,VERVOLOGY LLC,Remote,Sales,https://jobs.gusto.com/postings/vervology-llc-part-time-remote-sales-100-commission-based-1da70dc0-69fd-418e-acaf-61cf97c0d1cb
"Sales Consultant - Austin, TX",SYSCO,Austin,Sales,https://careers.sysco.com/jobs/R159939
Full Time - Sales Associate - Hardware - Opening,Lowe's,Seattle,Sales,https://talent.lowes.com/us/en/job/JR-01837778/Full-Time-Sales-Associate-Hardware-Opening
"Brand Sales Specialist - Polo, Center City - Full Time",Macy‚Äôs,Philadelphia,Sales,https://ebwh.fa.us2.oraclecloud.com/hcmUI/CandidateExperience/en/sites/CX_1001/job/REQ_450065
Sales Manager - Colma,Ashley Furniture,San Francisco Bay Area,Sales,https://careers.ashleyfurniture.com/us/en/job/228292/Sales-Manager-Colma
Sales Associate,Petco,Los Angeles,Sales,https://careers.petco.com/us/en/job/PEQPETUSR265500EXTERNALENUS/Sales-Associate
Pro Sales Associate - Austin,Behr Paint Company,Austin,Sales Lead,https://jobs.masco.com/us/en/job/MASCUSREQ48039EXTERNALENUS/Pro-Sales-Associate-Austin
Rental Sales Management Trainee,Ryder System,Chicago,Sales Lead,https://jobs.ryder.com/bensenville-il/rental-sales-management-trainee/E9A3065E4F254C5EB190476A7AFA6353/job/
Manager Sales Operations,Mastercard,Miami,Sales Lead,https://mastercard.wd1.myworkdayjobs.com/en-US/CorporateCareers/job/Miami-Florida/Manager-Sales-Operations_R-224589
"Sales Team Lead (Liquor Store Clerk 2) 2115 N 22nd Street, Philadelphia",Commonwealth of PA,Philadelphia,Sales Lead,https://www.governmentjobs.com/careers/pabureau/jobs/4583380/sales-team-lead-liquor-store-clerk-2-2115-n-22nd-street-philadelphia
Retail Print Sales Supervisor,Staples Stores,Philadelphia,Sales Lead,https://fa-exhh-saasfaprod1.fa.ocs.oraclecloud.com/hcmUI/CandidateExperience/en/sites/CX_2003/job/18142
Retail Print Sales Specialist,Staples Stores,Philadelphia,Sales Lead,https://fa-exhh-saasfaprod1.fa.ocs.oraclecloud.com/hcmUI/CandidateExperience/en/sites/CX_2003/job/18141
Sales Consultant,PulteGroup,London,Sales Lead,https://pultegroup.wd1.myworkdayjobs.com/en-US/PGI/job/Dublin-OH/Sales-Consultant_JR5730
"Junior Sales Associate, Group Sales and Service",New York Yankees,New York City,Sales Lead,https://www.teamworkonline.com/baseball-jobs/new-york-yankees/new-york-yankees/junior-sales-associate-group-sales-and-service-2086971
Retail Sales Associate-FT,Smart Foodservice Stores LLC,Seattle,Sales Lead,https://usfoods.wd1.myworkdayjobs.com/usfoodscareersExternal/job/Seattle-WA/Retail-Sales-Associate-FT_R257629-1
Sales Support Rep,Republic National Distributing Company,Washington D. C.,Sales Lead,https://careers.rndc-usa.com/job/Springfield-Sales-Support-Rep-VA-22150/1191959000/
Retail Sales Seasonal Associate,Staples Stores,Philadelphia,Sales Lead,https://fa-exhh-saasfaprod1.fa.ocs.oraclecloud.com/hcmUI/CandidateExperience/en/sites/CX_2003/job/18145
Sales Professional,"SCI Shared Resources, LLC",Los Angeles,Sales Lead,https://jobs.sci-corp.com/north-hollywood-ca/sales-professional/AF17DEED95E6469AA8EA33E48B597BC0/job/
Sales and Operations Management Trainee,Penske Truck Leasing and Logistics,Chicago,Sales Lead,https://penske.jobs/bedford-park-il/sales-and-operations-management-trainee/2B77A25D53F94748A8C2E08239875917/job/
User Experience Strategist I/II,Navy Federal Credit Union,"Vienna, VA",UI & UX Design,https://fa-etbx-saasfaprod1.fa.ocs.oraclecloud.com/hcmUI/CandidateExperience/en/sites/CX_1001/job/19747?bid=11773&tid=x_307d9029-8946-4c5a-9fe3-306094a1f4d4
"Professional Learning Facilitator, EL Education WISCONSIN (Contractor)",BetterLesson,Remote,Venture Capital,https://betterlesson.pinpointhq.com/postings/cccbb884-70d8-46c0-aa25-d8899f6b25c4
Finance Associate - General Partnership,Bain Capital,Boston,Venture Capital,https://baincapital.wd1.myworkdayjobs.com/en-US/External_Public/job/Boston/Finance-Associate---General-Partnership_REQ_107361-4